primarytext,header2,header3,img links,cta
"All your daily essentials, delivered to your doorstep in minutes. Just sit back and order on Instamart!",,,https://scontent.fblr22-1.fna.fbcdn.net/v/t39.35426-6/288896675_398398865637860_1937979392844345645_n.jpg?stp=dst-jpg_s600x600&_nc_cat=111&ccb=1-7&_nc_sid=cf96c8&_nc_ohc=HrDu26U6roEAX_tGWIm&_nc_ht=scontent.fblr22-1.fna&oh=00_AT-ynUVLbC4SwKc0Wlk4HYHIL_8O7zpGEBnqKSW9YZNW5A&oe=62B4AEDE,
"All your daily essentials, delivered to your doorstep in minutes. Just sit back and order on Instamart!",,,https://scontent.fblr22-1.fna.fbcdn.net/v/t39.35426-6/288962134_2343497335948985_6667861499420937752_n.jpg?stp=dst-jpg_s600x600&_nc_cat=107&ccb=1-7&_nc_sid=cf96c8&_nc_ohc=1rcDKsVOh-oAX_Vv-pR&_nc_ht=scontent.fblr22-1.fna&oh=00_AT-vrqwVJbraodffuvbgatkBlwXaHynbPCWlUK3gyxAnew&oe=62B33DAF,
"All your daily essentials, delivered to your doorstep in minutes. Just sit back and order on Instamart!",,,https://scontent.fblr22-1.fna.fbcdn.net/v/t39.35426-6/289186975_554955686337114_3406213958461428152_n.jpg?stp=dst-jpg_s600x600&_nc_cat=109&ccb=1-7&_nc_sid=cf96c8&_nc_ohc=hXJRf132K8sAX-N7gDF&_nc_ht=scontent.fblr22-1.fna&oh=00_AT-9DPc2_3GtYNwl_cBzUDyoxXHqEmkGlPsfrRcHuZyI4w&oe=62B4068C,
"While some things are worth waiting for, others aren‚Äôt. Click to get your groceries in an instant.",Wait for webisodes. Not for groceries.,,https://scontent.fblr22-1.fna.fbcdn.net/v/t39.35426-6/288699808_788132649266922_4978127862746073077_n.jpg?stp=dst-jpg_s600x600&_nc_cat=110&ccb=1-7&_nc_sid=cf96c8&_nc_ohc=od-4vff7p9UAX_kkXPw&_nc_ht=scontent.fblr22-1.fna&oh=00_AT8IYZ4lf6E5xY4lCctbVDdSp43qcqNVvvmyhu8tIC1Fqg&oe=62B39CD1,Install Now
"Summer is hot.

But it can also be delicious.",Get fresh mangoes in minutes.,,https://scontent.fblr22-1.fna.fbcdn.net/v/t39.35426-6/288672397_513779590540448_1344700059670578131_n.jpg?stp=dst-jpg_s600x600&_nc_cat=103&ccb=1-7&_nc_sid=cf96c8&_nc_ohc=WPdt-PtYYvYAX_kDNle&_nc_ht=scontent.fblr22-1.fna&oh=00_AT-GB9hxtn8ogsqvKjTf45NVYya1CWORBSMruz9ulmON6A&oe=62B45928,Install Now
Name a grocery item and Swiggy Instamart will bring it over in minutes.,Get groceries in minutes.,,https://scontent.fblr22-1.fna.fbcdn.net/v/t39.35426-6/289149123_1260021574803404_6772131176862767256_n.jpg?stp=dst-jpg_s600x600&_nc_cat=104&ccb=1-7&_nc_sid=cf96c8&_nc_ohc=Zet2uXtvJZ8AX_7KPSZ&_nc_ht=scontent.fblr22-1.fna&oh=00_AT-QL8QR7vBD_Lc_FdrwrCyywG2a0aDTdr82-5vWd0f8SA&oe=62B4A2FC,Install Now
Turn summer green with envy.,Get tender coconut in minutes.,,https://scontent.fblr22-1.fna.fbcdn.net/v/t39.35426-6/288519295_569494654662429_7818861329447353156_n.jpg?stp=dst-jpg_s600x600&_nc_cat=104&ccb=1-7&_nc_sid=cf96c8&_nc_ohc=zFHI7cPPMuwAX-VwxgA&_nc_ht=scontent.fblr22-1.fna&oh=00_AT9c88MH5Cu4oeByQNXN3jFLVc02Xx4crVpT0dywLIKNHA&oe=62B3887D,Install Now
Just for our favourite foodie üëâ  Use code WELCOMEBACK and get 60% off up to ‚Çπ100 + Paytm cashback of ‚Çπ30.,Azeez Restaurant Poojappura,‚Çπ200,https://scontent.fblr22-1.fna.fbcdn.net/v/t39.35426-6/287192303_756790298834414_8562247534475221140_n.jpg?stp=dst-jpg_s600x600&_nc_cat=108&ccb=1-7&_nc_sid=cf96c8&_nc_ohc=jkiEQE-Ho9oAX_k6dty&_nc_ht=scontent.fblr22-1.fna&oh=00_AT_bTDhRmuFohUVCxjR0QZ0EOoMGaomkA3t2rmy302vkuw&oe=62B37647,Order Now
Just for our favourite foodie üëâ  Use code WELCOMEBACK and get 60% off up to ‚Çπ100 + Paytm cashback of ‚Çπ30.,Pizza Galleria (Model Town),‚Çπ199,https://scontent.fblr22-1.fna.fbcdn.net/v/t39.35426-6/286887042_973606349986247_1274260336790718318_n.jpg?stp=dst-jpg_s600x600&_nc_cat=111&ccb=1-7&_nc_sid=cf96c8&_nc_ohc=ho_jhrn24W4AX8OJPE5&_nc_ht=scontent.fblr22-1.fna&oh=00_AT94cu7u_z8alX7ge0Yt7cL7l0NEAvxei4oXmjkAsd-gZA&oe=62B4625A,Order Now
Just for our favourite foodie üëâ  Use code WELCOMEBACK and get 60% off up to ‚Çπ100 + Paytm cashback of ‚Çπ30,Get the best offers on Swiggy,,,Order Now
Just for our favourite foodie üëâ  Use code WELCOMEBACK and get 60% off up to ‚Çπ100 + Paytm cashback of ‚Çπ30,Get the best offers on Swiggy,,https://scontent.fblr22-1.fna.fbcdn.net/v/t39.35426-6/288288983_3531612090430786_6431621311102055837_n.jpg?stp=dst-jpg_s600x600&_nc_cat=101&ccb=1-7&_nc_sid=cf96c8&_nc_ohc=kgfVnddeq_oAX9Fm-_i&_nc_ht=scontent.fblr22-1.fna&oh=00_AT9dSjM-7NQU0_clPN5zjwytuOM-RurK_-vo8wiFiT9n-Q&oe=62B4825B,Order Now
"Swiggy has changed, Only for the better, Introducing Swiggy Instamart! Get groceries in minutes Use code: TRYIM",,,https://scontent.fblr22-1.fna.fbcdn.net/v/t39.35426-6/287831004_3290879937816484_9033895560771612059_n.jpg?stp=dst-jpg_s600x600&_nc_cat=107&ccb=1-7&_nc_sid=cf96c8&_nc_ohc=-5cXlJ7PpnMAX-Fjclh&_nc_ht=scontent.fblr22-1.fna&oh=00_AT8WB49mbHl_rDhMzyzqSLrnLFkojFw3yI83rT4mu6n0ZQ&oe=62B3C29D,
"Swiggy has changed, Only for the better, Introducing Swiggy Instamart! Get groceries in minutes Use code: TRYIM",Get the best offers on Swiggy,,,Order Now
"Swiggy has changed, Only for the better, Introducing Swiggy Instamart! Get groceries in minutes Use code: TRYIM",Get the best offers on Swiggy,,https://scontent.fblr22-1.fna.fbcdn.net/v/t39.35426-6/286557848_573977897456563_8012518878485157404_n.jpg?stp=dst-jpg_s600x600&_nc_cat=111&ccb=1-7&_nc_sid=cf96c8&_nc_ohc=mI8UES1ZVIgAX8uCQRb&_nc_ht=scontent.fblr22-1.fna&oh=00_AT_rR5eb8I6j5gtyQruSQvzMHdSvIwTNuiGik80oYJb4uw&oe=62B3A25E,Order Now
Become a Swiggy Delivery Partner & secure your family‚Äôs future.,Earn upto Rs.25000 p.m.,,,Apply Now
Become a Swiggy Delivery Partner and get best in industry salary & flexible work timings.,,,,
Become a Swiggy Delivery Partner and get best in industry salary & flexible work timings.,Earn upto Rs.25000 p.m.,,,Apply Now
Swiggy ‡§ï‡•á ‡§∏‡§æ‡§• ‡§°‡•á‡§≤‡§ø‡§µ‡§∞ ‡§ï‡§∞‡•á‡§Ç ‡§î‡§∞ ‡§Ö‡§ö‡•ç‡§õ‡•Ä ‡§ï‡§Æ‡§æ‡§à  ‡§≤‡•á ‡§ï‡•á ‡§Ö‡§™‡§®‡•á ‡§™‡§∞‡§ø‡§µ‡§æ‡§∞ ‡§ï‡§æ ‡§≠‡§µ‡§ø‡§∑‡•ç‡§Ø ‡§∏‡•Å‡§∞‡§ï‡•ç‡§∑‡§ø‡§§ ‡§ï‡§∞‡•á‡§Ç‡•§.,‡§∏‡§µ‡§æ‡§∞‡•Ä ‡§ï‡§∞‡•á‡§Ç. ‡§°‡§ø‡§≤‡•Ä‡§µ‡§∞ ‡§ï‡§∞‡•á‡§Ç. ‡§™‡•à‡§∏‡•á ‡§ï‡§Æ‡§æ‡§è‡§Ç,,https://scontent.fblr22-1.fna.fbcdn.net/v/t39.35426-6/287997397_1259146287951298_8183319491318629191_n.jpg?stp=dst-jpg_s600x600&_nc_cat=109&ccb=1-7&_nc_sid=cf96c8&_nc_ohc=ktSHUvEHEpUAX8e2dW5&_nc_ht=scontent.fblr22-1.fna&oh=00_AT8cT8IQOtBapFO1xZjQT-jQawY7aeynV0QHmLloFWQtTA&oe=62B3DA21,Apply Now
"Swiggy ‡§°‡§ø‡§≤‡§ø‡§µ‡•ç‡§π‡§∞‡•Ä ‡§™‡§æ‡§∞‡•ç‡§ü‡§®‡§∞ ‡§¨‡§®‡§æ ‡§Ü‡§£‡§ø ‡§ö‡§æ‡§Ç‡§ó‡§≤‡§æ ‡§™‡§ó‡§æ‡§∞ ‡§Ü‡§£‡§ø ‡§ï‡§æ‡§Æ‡§æ‡§ö‡•ç‡§Ø‡§æ ‡§´‡•ç‡§≤‡•á‡§ï‡•ç‡§ù‡§ø‡§¨‡§≤ ‡§µ‡•á‡§≥‡§æ ‡§Æ‡§ø‡§≥‡§µ‡§æ.

üí∞ ‡§∏‡§æ‡§™‡•ç‡§§‡§æ‡§π‡§ø‡§ï ‡§™‡§ó‡§æ‡§∞ ‡§Ü‡§£‡§ø ‡§≠‡§∞‡§™‡•Ç‡§∞ ‡§á‡§®‡•ç‡§∏‡•á‡§Ç‡§ü‡§ø‡§µ‡•ç‡§π‡§ú‡•ç
üë™ ‡§§‡•Å‡§Æ‡•ç‡§π‡•Ä ‡§Ü‡§£‡§ø ‡§§‡•Å‡§Æ‡§ö‡•ç‡§Ø‡§æ ‡§ï‡•Å‡§ü‡•Å‡§Ç‡§¨‡§æ‡§∏‡§æ‡§†‡•Ä ‡§ú‡•Ä‡§µ‡§® ‡§µ‡§ø‡§Æ‡§æ
‚ú® ‡§ö‡§æ‡§Ç‡§ó‡§≤‡•ç‡§Ø‡§æ ‡§ï‡§æ‡§Æ‡§ó‡§ø‡§∞‡•Ä‡§∂‡•Ä ‡§®‡§ø‡§ó‡§°‡§ø‡§§ ‡§Ü‡§ï‡§∞‡•ç‡§∑‡§ï ‡§¨‡§ï‡•ç‡§∑‡§ø‡§∏‡•á",,,https://scontent.fblr22-1.fna.fbcdn.net/v/t39.35426-6/287807118_3149678931937713_4977612595363841836_n.jpg?stp=dst-jpg_s600x600&_nc_cat=107&ccb=1-7&_nc_sid=cf96c8&_nc_ohc=5vh8DOwCV8YAX-MWN6h&_nc_ht=scontent.fblr22-1.fna&oh=00_AT_dZRsdWfXx9zkkIdURnJ25bM3H-KCVBee9M-hkveEPoQ&oe=62B465CC,
Swiggy ‡§ï‡•á ‡§∏‡§æ‡§• ‡§°‡•á‡§≤‡§ø‡§µ‡§∞ ‡§ï‡§∞‡•á‡§Ç ‡§î‡§∞ ‡§Ö‡§ö‡•ç‡§õ‡•Ä ‡§ï‡§Æ‡§æ‡§à ‡§ï‡•á ‡§∏‡§æ‡§• ‡§¨‡•Ä‡§Æ‡§æ ‡§ï‡§µ‡§∞ ‡§≤‡•á ‡§ï‡•á ‡§Ö‡§™‡§®‡•á ‡§™‡§∞‡§ø‡§µ‡§æ‡§∞ ‡§ï‡§æ ‡§≠‡§µ‡§ø‡§∑‡•ç‡§Ø ‡§∏‡•Å‡§∞‡§ï‡•ç‡§∑‡§ø‡§§ ‡§ï‡§∞‡•á‡§Ç‡•§.,‡§∏‡§µ‡§æ‡§∞‡•Ä ‡§ï‡§∞‡•á‡§Ç. ‡§°‡§ø‡§≤‡•Ä‡§µ‡§∞ ‡§ï‡§∞‡•á‡§Ç. ‡§™‡•à‡§∏‡•á ‡§ï‡§Æ‡§æ‡§è‡§Ç,,,Apply Now
"Swiggy ‡§°‡§ø‡§≤‡•Ä‡§µ‡•ç‡§π‡§∞‡•Ä ‡§™‡§æ‡§∞‡•ç‡§ü‡§®‡§∞ ‡§µ‡•ç‡§π‡§æ, ‡§Ü‡§ï‡§∞‡•ç‡§∑‡§ï ‡§™‡•á‡§Ü‡§ä‡§ü‡§∏‡§π ‡§Ü‡§£‡§ø ‡§µ‡§ø‡§Æ‡§æ ‡§∏‡§Ç‡§∞‡§ï‡•ç‡§∑‡§£‡§∏‡§π ‡§Ü‡§™‡§≤‡•ç‡§Ø‡§æ ‡§ï‡•Å‡§ü‡•Å‡§Ç‡§¨‡§æ‡§ö‡•á ‡§≠‡§µ‡§ø‡§∑‡•ç‡§Ø ‡§∏‡•Å‡§∞‡§ï‡•ç‡§∑‡§ø‡§§ ‡§ï‡§∞‡§æ.","25,000 ‡§∞‡•Å‡§™‡§Ø‡•á ‡§™‡§∞‡•ç‡§Ø‡§Ç‡§§ ‡§¶‡§∞ ‡§Æ‡§π‡§ø‡§®‡§æ ‡§ï‡§Æ‡§µ‡§æ",,,Apply Now
"Become a Swiggy Delivery Partner and get competitive salary & flexible work timings.
üí∞Weekly payout and high incentives
üë™ Life Insurance for you and your family
‚ú®Exciting performance-related rewards",,,https://scontent.fblr22-1.fna.fbcdn.net/v/t39.35426-6/288091186_1201688917312169_329155754652240734_n.jpg?stp=dst-jpg_s600x600&_nc_cat=106&ccb=1-7&_nc_sid=cf96c8&_nc_ohc=jyoT-RpXGbYAX9UdZyV&_nc_ht=scontent.fblr22-1.fna&oh=00_AT-KjwePmvPoDtKDrn-yqoX4c6YtbYJeIk3TuEa6BLKxfA&oe=62B429D8,
Partner with Swiggy for a hassle free way to grow your restaurant‚Äôs business. Signing up is super simple and quick!,,,https://scontent.fblr22-1.fna.fbcdn.net/v/t39.35426-6/278364804_5001620193264724_1851644565689937940_n.jpg?stp=dst-jpg_s600x600&_nc_cat=107&ccb=1-7&_nc_sid=cf96c8&_nc_ohc=_36XuvafcsMAX9l41UY&_nc_ht=scontent.fblr22-1.fna&oh=00_AT9tWBOjiqzT-P4ZAIBCjLpq-g8wNVP7hVQSJTSL2icBCg&oe=62B49687,
Partner with Swiggy for a hassle free way to grow your business. Signing up is super simple and quick!,Sign up with Swiggy,,,Sign Up
Accelerate your restaurant‚Äôs business growth by partnering with Swiggy. Signing up is super simple and quick!,Sign up with Swiggy,,,Sign Up
Partner with Swiggy for a hassle free way to grow your restaurant‚Äôs business. Signing up is super simple and quick!,,,https://scontent.fblr22-1.fna.fbcdn.net/v/t39.35426-6/278141833_303047628483834_8240191961238664177_n.jpg?stp=dst-jpg_s600x600&_nc_cat=109&ccb=1-7&_nc_sid=cf96c8&_nc_ohc=V_Nw1WJ9-LMAX8iKOG0&_nc_ht=scontent.fblr22-1.fna&oh=00_AT_zZdxyq4scf_W3-vHzsTMhF-82nxMnmWHrettztB5PZw&oe=62B50328,
Partner with Swiggy for a hassle free way to grow your business. Signing up is super simple and quick!,Sign up with Swiggy,,,Sign Up
Accelerate your restaurant‚Äôs business growth by partnering with Swiggy. Signing up is super simple and quick!,,,https://scontent.fblr22-1.fna.fbcdn.net/v/t39.35426-6/271187159_1077389476371123_4546259150809694013_n.jpg?stp=dst-jpg_s600x600&_nc_cat=108&ccb=1-7&_nc_sid=cf96c8&_nc_ohc=XLdYR_n2rGcAX953b9G&_nc_oc=AQmIqcKxV-3K4oso8T9idRUc79tLfjCrYdlZArH8OdlgMuedxeFMrt_IKF75sBffiX8&_nc_ht=scontent.fblr22-1.fna&oh=00_AT9Xgh3WcFn9Sq1GW4TY55FZuwktcNKcHPNY39jXyCy4xQ&oe=62B4CD28,
"‡∞í‡∞ï Swiggy ‡∞°‡±Ü‡∞≤‡∞ø‡∞µ‡∞∞‡±Ä ‡∞™‡∞æ‡∞∞‡±ç‡∞ü‡∞®‡∞∞‡±ç ‡∞Ö‡∞µ‡±ç‡∞µ‡∞Ç‡∞°‡∞ø, ‡∞Æ‡±Ä ‡∞™‡∞®‡∞ø ‡∞Æ‡∞∞‡∞ø‡∞Ø‡±Å ‡∞Æ‡±Ä ‡∞∏‡∞Ç‡∞™‡∞æ‡∞¶‡∞® ‡∞Æ‡±Ä‡∞∞‡±á ‡∞®‡∞ø‡∞∞‡±ç‡∞£‡∞Ø‡∞ø‡∞Ç‡∞ö‡∞ó‡∞≤‡∞∞‡±Å! Part time ‡∞≤‡±á‡∞¶‡∞æ Full time ‡∞™‡∞®‡∞ø ‡∞ö‡±á‡∞∏‡±Å‡∞ï‡±ã‡∞ó‡∞≤‡∞∞‡±Å.",,,,
‡∞í‡∞ï Swiggy ‡∞°‡±Ü‡∞≤‡∞ø‡∞µ‡∞∞‡±Ä ‡∞™‡∞æ‡∞∞‡±ç‡∞ü‡∞®‡∞∞‡±ç ‡∞Ö‡∞µ‡±ç‡∞µ‡∞Ç‡∞°‡∞ø. ‡∞™‡∞∞‡∞ø‡∞∂‡±ç‡∞∞‡∞Æ‡∞≤‡±ã ‡∞â‡∞§‡±ç‡∞§‡∞Æ‡∞Æ‡±à‡∞® ‡∞Ü‡∞¶‡∞æ‡∞Ø‡∞Æ‡±Å‡∞®‡±Å ‡∞∏‡∞Ç‡∞™‡±ç‡∞∞‡∞¶‡∞ø‡∞Ç‡∞ö‡∞ó‡∞≤‡∞∞‡±Å. ‡∞≠‡±Ä‡∞Æ‡∞æ ‡∞Æ‡∞∞‡∞ø‡∞Ø‡±Å ‡∞µ‡±Ä‡∞≤‡±Å‡∞ó‡∞æ ‡∞â‡∞Ç‡∞°‡±á ‡∞™‡∞®‡∞ø‡∞µ‡±á‡∞≥‡∞≤‡±Å.,‡∞∏‡∞µ‡∞æ‡∞∞‡±Ä ‡∞ö‡±á‡∞Ø‡±Å! ‡∞°‡±Ü‡∞≤‡∞ø‡∞µ‡∞∞‡±ç ‡∞ö‡±á‡∞Ø‡±Å! ‡∞∏‡∞Ç‡∞™‡∞æ‡∞¶‡∞ø‡∞Ç‡∞ö‡±Å!,,,Apply Now
Become a Swiggy Delivery Partner & secure your family‚Äôs future.,"Earn up to Rs.25,000 p.m",,,Apply Now
Become a Swiggy Delivery Partner & secure your family‚Äôs future.,"Earn up to Rs.25,000 p.m",,,Apply Now
Become a Swiggy Delivery Partner & secure your family‚Äôs future.,Earn upto Rs.25000 p.m.,,,Apply Now
Swiggy ‡§ï‡•á ‡§∏‡§æ‡§• ‡§°‡•á‡§≤‡§ø‡§µ‡§∞ ‡§ï‡§∞‡•á‡§Ç ‡§î‡§∞ ‡§Ö‡§ö‡•ç‡§õ‡•Ä ‡§ï‡§Æ‡§æ‡§à ‡§ï‡•á ‡§∏‡§æ‡§• ‡§Ö‡§™‡§®‡•á ‡§™‡§∞‡§ø‡§µ‡§æ‡§∞ ‡§ï‡§æ ‡§≠‡§µ‡§ø‡§∑‡•ç‡§Ø ‡§∏‡•Å‡§∞‡§ï‡•ç‡§∑‡§ø‡§§ ‡§ï‡§∞‡•á‡§Ç‡•§.,‡§∏‡§µ‡§æ‡§∞‡•Ä ‡§ï‡§∞‡•á‡§Ç. ‡§°‡§ø‡§≤‡•Ä‡§µ‡§∞ ‡§ï‡§∞‡•á‡§Ç. ‡§™‡•à‡§∏‡•á ‡§ï‡§Æ‡§æ‡§è‡§Ç,,,Apply Now
Become a Swiggy Delivery Partner & secure your family‚Äôs future.,"Earn up to Rs.25,000 p.m",,https://scontent.fblr22-1.fna.fbcdn.net/v/t39.35426-6/285740130_301768522169706_1768869643034298848_n.jpg?stp=dst-jpg_s600x600&_nc_cat=100&ccb=1-7&_nc_sid=cf96c8&_nc_ohc=733kw6gw_awAX9mari5&_nc_ht=scontent.fblr22-1.fna&oh=00_AT_PeOQetvppDPaWy9I6nC0FPXhRhCt3oq71JQRT_bfdgA&oe=62B36A83,Apply Now
Swiggy ‡§ï‡•á ‡§∏‡§æ‡§• ‡§°‡•á‡§≤‡§ø‡§µ‡§∞ ‡§ï‡§∞‡•á‡§Ç ‡§î‡§∞ ‡§Ö‡§ö‡•ç‡§õ‡•Ä ‡§ï‡§Æ‡§æ‡§à ‡§ï‡•á ‡§∏‡§æ‡§• ‡§Ö‡§™‡§®‡•á ‡§™‡§∞‡§ø‡§µ‡§æ‡§∞ ‡§ï‡§æ ‡§≠‡§µ‡§ø‡§∑‡•ç‡§Ø ‡§∏‡•Å‡§∞‡§ï‡•ç‡§∑‡§ø‡§§ ‡§ï‡§∞‡•á‡§Ç‡•§.,"‚Çπ25,000 ‡§™‡•ç‡§∞‡§§‡§ø ‡§Æ‡§æ‡§∏ ‡§§‡§ï ‡§ï‡§Æ‡§æ‡§á‡§è‡•§",,https://scontent.fblr22-1.fna.fbcdn.net/v/t39.35426-6/285835402_1224810278264797_5387916601566076694_n.jpg?stp=dst-jpg_s600x600&_nc_cat=111&ccb=1-7&_nc_sid=cf96c8&_nc_ohc=hYlIB7WX2N8AX949Xby&_nc_ht=scontent.fblr22-1.fna&oh=00_AT_BX3saizdTHvixAZMCtATpiC_Ule8T-uFX5Oa9LHtByQ&oe=62B4572E,Apply Now
Become a Swiggy Delivery Partner & secure your family‚Äôs future with .,Earn upto Rs.25000 p.m.,,https://scontent.fblr22-1.fna.fbcdn.net/v/t39.35426-6/286369409_483067816922981_8158032516320337502_n.jpg?stp=dst-jpg_s600x600&_nc_cat=104&ccb=1-7&_nc_sid=cf96c8&_nc_ohc=vx2siKRYjEcAX_3X3lJ&_nc_ht=scontent.fblr22-1.fna&oh=00_AT_vGwGwazBDRtPX-hl7NgPEU74N6Dt4tpXXnfUukJEOAg&oe=62B4528F,Apply Now
Become a Swiggy Delivery Partner & secure your family‚Äôs future.,Earn upto Rs.25000 p.m.,,https://scontent.fblr22-1.fna.fbcdn.net/v/t39.35426-6/286739405_502624061611616_1803463822600892967_n.jpg?stp=dst-jpg_s600x600&_nc_cat=108&ccb=1-7&_nc_sid=cf96c8&_nc_ohc=X3_Rjg8NGCMAX-FicpB&_nc_ht=scontent.fblr22-1.fna&oh=00_AT-xIroGNIHLpZyWD7BsarnU3GT95X8wbaKScdks2_zpIQ&oe=62B49978,Apply Now
Discover new meals every day on Swiggy and get them at 50% off !,‚ö† Temptation warning ‚ö†,,,Install Now
"Become a Swiggy Delivery Partner and get competitive salary & flexible work timings.
üí∞Weekly payout and high incentives
üë™ Life Insurance for you and your family
‚ú®Exciting performance-related rewards",,,https://scontent.fblr22-1.fna.fbcdn.net/v/t39.35426-6/285855373_682192099537435_5651355180991137246_n.jpg?stp=dst-jpg_s600x600&_nc_cat=104&ccb=1-7&_nc_sid=cf96c8&_nc_ohc=y9WsMY_OGrwAX_mYYXi&_nc_oc=AQksd2JMIszBsv-EpvfBjT2F68zQsw7_a4FE-k3MwsE4V1-pWfdz_jrq6FjoT6W2rEU&_nc_ht=scontent.fblr22-1.fna&oh=00_AT8v7dIE3A5dWScfqfAzr--bTiuDM5Yubzcz7zkpOImIsg&oe=62B4EC12,
"Become a Swiggy Delivery Partner and get competitive salary & flexible work timings.
üí∞Weekly payout and high incentives
üë™ Life Insurance for you and your family
‚ú®Exciting performance-related rewards",,,https://scontent.fblr22-1.fna.fbcdn.net/v/t39.35426-6/285836027_1019852962002751_6873874282138794571_n.jpg?stp=dst-jpg_s600x600&_nc_cat=104&ccb=1-7&_nc_sid=cf96c8&_nc_ohc=UIGP61BLc0kAX9JElzC&_nc_ht=scontent.fblr22-1.fna&oh=00_AT_9iLDEEU7N3tVis0cJFSEAaEZvQqQpg7oxRPRCtdQA-Q&oe=62B464AF,
"‡™∏‡´ç‡™µ‡™ø‡™ó‡´Ä ‡™°‡™ø‡™≤‡™ø‡™µ‡™∞‡´Ä ‡™™‡™æ‡™∞‡´ç‡™ü‡™®‡™∞ ‡™¨‡™®‡´ã ‡™Ö‡™®‡´á ‡™â‡™¶‡´ç‡™Ø‡´ã‡™ó ‡™µ‡´á‡™§‡™®, ‡™µ‡´Ä‡™Æ‡™æ ‡™ï‡™µ‡™∞ ‡™Ö‡™®‡´á ‡™≤‡™µ‡™ö‡´Ä‡™ï ‡™ï‡™æ‡™Æ‡™®‡™æ ‡™∏‡™Æ‡™Ø‡™Æ‡™æ‡™Ç ‡™∂‡´ç‡™∞‡´á‡™∑‡´ç‡™† ‡™¨‡™®‡´ã.",‡™∞‡´Ç.25000.00 ‡™∏‡´Å‡™ß‡´Ä ‡™Æ‡™æ‡™∏‡™ø‡™ï ‡™Ü‡™µ‡™ï,,,Apply Now
"Swiggy ‡Æü‡ØÜ‡Æ≤‡Æø‡Æµ‡Æ∞‡Æø ‡Æ™‡Ææ‡Æ∞‡Øç‡Æü‡Øç‡Æ©‡Æ∞‡Ææ‡Æï‡Æø, ‡Æâ‡Æô‡Øç‡Æï‡Æ≥‡Øç ‡Æï‡ØÅ‡Æü‡ØÅ‡ÆÆ‡Øç‡Æ™‡Æ§‡Øç‡Æ§‡Æø‡Æ©‡Øç ‡Æé‡Æ§‡Æø‡Æ∞‡Øç‡Æï‡Ææ‡Æ≤‡Æ§‡Øç‡Æ§‡Øà ‡Æ®‡Æ≤‡Øç‡Æ≤ ‡Æµ‡Æ∞‡ØÅ‡ÆÆ‡Ææ‡Æ©‡ÆÆ‡Øç ‡ÆÆ‡Æ±‡Øç‡Æ±‡ØÅ‡ÆÆ‡Øç ‡Æö‡Æø‡Æ±‡Æ®‡Øç‡Æ§ ‡Æï‡Ææ‡Æ™‡Øç‡Æ™‡ØÄ‡Æü‡ØÅ ‡Æï‡Øä‡Æü‡ØÅ‡Æ§‡Øç‡Æ§‡ØÅ ‡Æ™‡Ææ‡Æ§‡ØÅ‡Æï‡Ææ‡Æï‡Øç‡Æï‡ØÅ‡Æô‡Øç‡Æï‡Æ≥‡Øç.",‡ÆÆ‡Ææ‡Æ§‡ÆÆ‡Øç ‡Æ∞‡ØÅ‡Æ™‡Ææ‡ÆØ‡Øç 25000 ‡Æµ‡Æ∞‡Øà ‡Æö‡ÆÆ‡Øç‡Æ™‡Ææ‡Æ§‡Æø‡ÆØ‡ØÅ‡Æô‡Øç‡Æï‡Æ≥‡Øç,,,Apply Now
Become a Swiggy Delivery Partner and get best in industry salary & flexible work timings.,Earn upto Rs.25000 p.m.,,https://scontent.fblr22-1.fna.fbcdn.net/v/t39.35426-6/285625560_1074310426768062_1664679807279674640_n.jpg?stp=dst-jpg_s600x600&_nc_cat=103&ccb=1-7&_nc_sid=cf96c8&_nc_ohc=GJPdGTZncB8AX8ywVLI&_nc_ht=scontent.fblr22-1.fna&oh=00_AT8FhSrbS8V_gcmMfKcefn7NaVb6HVxx28exZtpAlIIJFw&oe=62B4BC9D,Apply Now
Swiggy ‡§ï‡•á ‡§∏‡§æ‡§• ‡§°‡•á‡§≤‡§ø‡§µ‡§∞ ‡§ï‡§∞‡•á‡§Ç ‡§î‡§∞ ‡§™‡§æ‡§è‡§Ç ‡§Ü‡§ï‡§∞‡•ç‡§∑‡§ï ‡§ï‡§Æ‡§æ‡§à ‡§î‡§∞ ‡§Ö‡§™‡§®‡•Ä ‡§Æ‡§®‡§™‡§∏‡§Ç‡§¶ ‡§∂‡§ø‡§´‡•ç‡§ü‡•§,"‚Çπ25,000 ‡§™‡•ç‡§∞‡§§‡§ø ‡§Æ‡§æ‡§∏ ‡§§‡§ï ‡§ï‡§Æ‡§æ‡§á‡§è‡•§",,,Apply Now
"Swiggy ‡§°‡§ø‡§≤‡•Ä‡§µ‡•ç‡§π‡§∞‡•Ä ‡§™‡§æ‡§∞‡•ç‡§ü‡§®‡§∞ ‡§µ‡•ç‡§π‡§æ, ‡§Ü‡§ï‡§∞‡•ç‡§∑‡§ï ‡§™‡•á‡§Ü‡§ä‡§ü‡§∏‡§π ‡§Ü‡§£‡§ø ‡§Ü‡§™‡§≤‡•ç‡§Ø‡§æ ‡§ï‡•Å‡§ü‡•Å‡§Ç‡§¨‡§æ‡§ö‡•á ‡§≠‡§µ‡§ø‡§∑‡•ç‡§Ø ‡§∏‡•Å‡§∞‡§ï‡•ç‡§∑‡§ø‡§§ ‡§ï‡§∞‡§æ.","25,000 ‡§∞‡•Å‡§™‡§Ø‡•á ‡§™‡§∞‡•ç‡§Ø‡§Ç‡§§ ‡§¶‡§∞ ‡§Æ‡§π‡§ø‡§®‡§æ ‡§ï‡§Æ‡§µ‡§æ",,https://scontent.fblr22-1.fna.fbcdn.net/v/t39.35426-6/285846922_759139021754400_3444672995731587641_n.jpg?stp=dst-jpg_s600x600&_nc_cat=101&ccb=1-7&_nc_sid=cf96c8&_nc_ohc=vLluE1EYlu0AX8Hhn23&_nc_ht=scontent.fblr22-1.fna&oh=00_AT8aeAW2AAbUGcohBEZ0i9merK33cjBRatjQS4LQDTf9SQ&oe=62B37823,Apply Now
Have a spread (at home!) with top restaurants on Swiggy. Get 50% off !,Get up to ‚Çπ125 off on your favourites,,,Install Now
"Delicious dishes, delivered to your doorstep. Download the Swiggy app today.",,,https://scontent.fblr22-1.fna.fbcdn.net/v/t39.35426-6/284685275_334139282018286_7851544324856071634_n.jpg?stp=dst-jpg_s600x600&_nc_cat=107&ccb=1-7&_nc_sid=cf96c8&_nc_ohc=ogolonWDoHYAX__saXs&_nc_ht=scontent.fblr22-1.fna&oh=00_AT-Oe8Hq26bQgsHmVNxBb_hrcVqMTbYqhtn931IH6W0FyA&oe=62B45EC9,
Indulge into your favourite Chaats with Swiggy. Cash it all on top restaurants! Use code WELCOME50 to get 50% Off* and Free Delivery on your first order!,,,https://scontent.fblr22-1.fna.fbcdn.net/v/t39.35426-6/284478158_528734358801966_8350210361005999140_n.jpg?stp=dst-jpg_s600x600&_nc_cat=105&ccb=1-7&_nc_sid=cf96c8&_nc_ohc=2WA8TJfzSQAAX8ka-5t&_nc_ht=scontent.fblr22-1.fna&oh=00_AT8pgjygXAOY4uS1Td7vDM5AeYm1Cc4kz-KYIKH_pL_wAA&oe=62B503CC,
"Delicious dishes, delivered to your doorstep. Download the Swiggy app today.",,,https://scontent.fblr22-1.fna.fbcdn.net/v/t39.35426-6/284880644_410377090946652_2896873000914515284_n.jpg?stp=dst-jpg_s600x600&_nc_cat=110&ccb=1-7&_nc_sid=cf96c8&_nc_ohc=hHIxZAU5NUoAX_L_WdX&_nc_ht=scontent.fblr22-1.fna&oh=00_AT_w2A7FDsPUnDYRquvsraGvPUpSMgvw-alPe8ebVfuVTg&oe=62B32403,
Cash it all on top restaurants! Use code WELCOME50 to get 50% Off* and Free Delivery on your first order!,,,https://scontent.fblr22-1.fna.fbcdn.net/v/t39.35426-6/281578453_581814559897518_1062338711127505561_n.jpg?stp=dst-jpg_s600x600&_nc_cat=101&ccb=1-7&_nc_sid=cf96c8&_nc_ohc=y1y7Si527BoAX9DdzVC&_nc_ht=scontent.fblr22-1.fna&oh=00_AT_7dQGRn0klBrN7KUTV5mkNKmp95pD2OdsjtknxLpg_qQ&oe=62B40E87,
Cash it all on top restaurants! Use code WELCOME50 to get 50% Off* and Free Delivery on your first order!,,,https://scontent.fblr22-1.fna.fbcdn.net/v/t39.35426-6/284672099_1044260239522617_106250200686844427_n.jpg?stp=dst-jpg_s600x600&_nc_cat=108&ccb=1-7&_nc_sid=cf96c8&_nc_ohc=umicKEOWJtUAX-jN4Yk&_nc_ht=scontent.fblr22-1.fna&oh=00_AT_BqvQ_lHxKWnEwt31cFx_HJOCldO8oGOy3-xkzCO2O_Q&oe=62B4C474,
Cash it all on top restaurants! Use code WELCOME50 to get 50% Off* and Free Delivery on your first order!,,,https://scontent.fblr22-1.fna.fbcdn.net/v/t39.35426-6/283573421_458135059409557_3596833787362481426_n.jpg?stp=dst-jpg_s600x600&_nc_cat=102&ccb=1-7&_nc_sid=cf96c8&_nc_ohc=S7bW_e3LXggAX8LRjfo&_nc_ht=scontent.fblr22-1.fna&oh=00_AT_RCV_A9ml6WDbIvzoWA_qR6U0bgaP6Sj80ntTssgxSXQ&oe=62B3593C,
Cash it all on top restaurants! Use code WELCOME50 to get 50% Off* and Free Delivery on your first order!,,,https://scontent.fblr22-1.fna.fbcdn.net/v/t39.35426-6/283145790_581632923507801_566421543011596257_n.jpg?stp=dst-jpg_s600x600&_nc_cat=105&ccb=1-7&_nc_sid=cf96c8&_nc_ohc=BAU62jYp71QAX8b13nO&_nc_ht=scontent.fblr22-1.fna&oh=00_AT8jY3ajKn4ZtmbOuHcQH2es_gAC2C8xeK-_fTXTEo4NGw&oe=62B47B36,
"Indulge into your favourite Chaats with Swiggy.
Cash it all on top restaurants! Use code WELCOME50 to get 50% Off* and Free Delivery on your first order!",,,https://scontent.fblr22-1.fna.fbcdn.net/v/t39.35426-6/284950258_380213647473450_7149618379306776083_n.jpg?stp=dst-jpg_s600x600&_nc_cat=103&ccb=1-7&_nc_sid=cf96c8&_nc_ohc=8N5Bql2CVKAAX_2v_Xu&_nc_ht=scontent.fblr22-1.fna&oh=00_AT86ruAO1XpusdHIpMOdJghwEjbq_1MUFfMpcU3PXAjCYQ&oe=62B4EA76,
"Delicious dishes, delivered to your doorstep. Download the Swiggy app today.",,,https://scontent.fblr22-1.fna.fbcdn.net/v/t39.35426-6/285129130_386545856747894_1300511761881108428_n.jpg?stp=dst-jpg_s600x600&_nc_cat=108&ccb=1-7&_nc_sid=cf96c8&_nc_ohc=jcrR_GB556kAX-MTvh3&_nc_ht=scontent.fblr22-1.fna&oh=00_AT9rf3x2OAZBgG0Pq-gO-PjVhjPMYSUGDYTxQSlf3mv8Xw&oe=62B32835,
"Delicious dishes, delivered to your doorstep. Download the Swiggy app today.",,,https://scontent.fblr22-1.fna.fbcdn.net/v/t39.35426-6/284882760_5222982611088060_4613707890240140472_n.jpg?stp=dst-jpg_s600x600&_nc_cat=110&ccb=1-7&_nc_sid=cf96c8&_nc_ohc=WPc09t24zjUAX968TGO&_nc_ht=scontent.fblr22-1.fna&oh=00_AT_8d5ZPtRnriEF9HldQIwa3rKeW_dh16APm0AO-MIP_mg&oe=62B379D9,
"Delicious dishes, delivered to your doorstep. Download the Swiggy app today.",Super fast delivery,,https://scontent.fblr22-1.fna.fbcdn.net/v/t39.35426-6/284771602_1069458007329141_6836574231744993852_n.jpg?stp=dst-jpg_s600x600&_nc_cat=109&ccb=1-7&_nc_sid=cf96c8&_nc_ohc=EN9r5mr5fJwAX8X7R-R&_nc_ht=scontent.fblr22-1.fna&oh=00_AT9MBy_JSjN0fHZrt7rFhSIINSbBo0EiO2hI1EY-m96UUg&oe=62B3F7D1,Install Now
Cash it all on top restaurants! Use code WELCOME50 to get 50% Off* and Free Delivery on your first order!,Order online on Swiggy,"Order food, groceries & essentials online, & get quick doorstep deliveries.",https://scontent.fblr22-1.fna.fbcdn.net/v/t39.35426-6/284846025_547085533820681_5580839355097020142_n.jpg?stp=dst-jpg_s600x600&_nc_cat=109&ccb=1-7&_nc_sid=cf96c8&_nc_ohc=cqj9bdecZ4gAX_qn4Ig&_nc_ht=scontent.fblr22-1.fna&oh=00_AT-TmtqKpgR8aJAygdRGgw83Gxu3rINC2Ved0lW7mJALCg&oe=62B3C5C1,Install Now
Indulge into your favourite Chaats with Swiggy. Cash it all on top restaurants! Use code WELCOME50 to get 50% Off* and Free Delivery on your first order!,,,https://scontent.fblr22-1.fna.fbcdn.net/v/t39.35426-6/284944006_538041194702303_5726822161722421910_n.jpg?stp=dst-jpg_s600x600&_nc_cat=100&ccb=1-7&_nc_sid=cf96c8&_nc_ohc=azBBNFLm33cAX_fR568&_nc_ht=scontent.fblr22-1.fna&oh=00_AT8uSBl_cgkj-Ar93LtDWH-ELFmoIpLuHIPYnaFiMXi34Q&oe=62B3BB78,
"‡≤∏‡≥ç‡≤µ‡≤ø‡≤ó‡≥ç‡≤ó‡≤ø ‡≤°‡≥Ü‡≤≤‡≤ø‡≤µ‡≤∞‡≤ø ‡≤™‡≤æ‡≤≤‡≥Å‡≤¶‡≤æ‡≤∞‡≤∞‡≤æ‡≤ó‡≤ø
‡≤á‡≤µ‡≥Å‡≤ó‡≤≥‡≤®‡≥ç‡≤®‡≥Å ‡≤™‡≤°‡≥Ü‡≤Ø‡≤ø‡≤∞‡≤ø - ‡≤â‡≤§‡≥ç‡≤§‡≤Æ ‡≤∏‡≤Ç‡≤¨‡≤≥,
‡≤µ‡≤ø‡≤Æ‡≥Ü ‡≤Æ‡≤§‡≥ç‡≤§‡≥Å ‡≤Ö‡≤®‡≥Å‡≤ï‡≥Ç‡≤≤‡≤ï‡≤∞ ‡≤∏‡≤Æ‡≤Ø‡≤ó‡≤≥‡≥Å.","Swiggy ‡≤Ø ‡≤ú‡≥ä‡≤§‡≥Ü‡≤ó‡≥Ü ‡≤®‡≤ø‡≤Æ‡≥ç‡≤Æ ‡≤ï‡≤®‡≤∏‡≥Å‡≤ó‡≤≥‡≥Å ‡≤®‡≤®‡≤∏‡≤æ‡≤ó‡≥Å‡≤§‡≥ç‡≤§‡≤¶‡≥Ü. Swiggy ‡≤Ø ‡≤°‡≥Ü‡≤≤‡≤ø‡≤µ‡≤∞‡≤ø ‡≤™‡≤æ‡≤∞‡≥ç‡≤ü‡≥ç‡≤®‡≤∞‡≥ç ‡≤Ü‡≤ó‡≤≤‡≥Å, ‡≤ï‡≥Ü‡≤≥‡≤ó‡≥Ü ‡≤ï‡≥ç‡≤≤‡≤ø‡≤ï‡≥ç ‡≤Æ‡≤æ‡≤°‡≤ø.",,,Learn More
Become a Swiggy Delivery Partner & secure your family‚Äôs future with competitive salary & insurance cover.,"Earn up to Rs.25,000 p.m",,,Apply Now
"‡≤∏‡≥ç‡≤µ‡≤ø‡≤ó‡≥ç‡≤ó‡≤ø ‡≤°‡≥Ü‡≤≤‡≤ø‡≤µ‡≤∞‡≤ø ‡≤™‡≤æ‡≤≤‡≥Å‡≤¶‡≤æ‡≤∞‡≤∞‡≤æ‡≤ó‡≤ø
‡≤á‡≤µ‡≥Å‡≤ó‡≤≥‡≤®‡≥ç‡≤®‡≥Å ‡≤™‡≤°‡≥Ü‡≤Ø‡≤ø‡≤∞‡≤ø - ‡≤â‡≤§‡≥ç‡≤§‡≤Æ ‡≤∏‡≤Ç‡≤¨‡≤≥,
‡≤µ‡≤ø‡≤Æ‡≥Ü ‡≤Æ‡≤§‡≥ç‡≤§‡≥Å ‡≤Ö‡≤®‡≥Å‡≤ï‡≥Ç‡≤≤‡≤ï‡≤∞ ‡≤∏‡≤Æ‡≤Ø‡≤ó‡≤≥‡≥Å.","‡≤™‡≥ç‡≤∞‡≤§‡≤ø ‡≤§‡≤ø‡≤Ç‡≤ó‡≤≥‡≥Å Rs.25,000 ‡≤µ‡≤∞‡≥Ü‡≤ó‡≥Ü ‡≤∏‡≤Ç‡≤™‡≤æ‡≤¶‡≤ø‡≤∏‡≤ø",,,Apply Now
Become a Swiggy Delivery Partner & secure your family‚Äôs future.,Earn upto Rs.25000 p.m.,,,Apply Now
Become a Swiggy Delivery Partner & secure your family‚Äôs future with competitive salary & insurance cover.,Earn upto Rs.25000 p.m.,,,Apply Now
Be a Swiggy Delivery Partner and be your own boss with flexible timings.,,,https://scontent.fblr22-1.fna.fbcdn.net/v/t39.35426-6/280817325_3212714335685071_3340857063897649466_n.jpg?stp=dst-jpg_s600x600&_nc_cat=111&ccb=1-7&_nc_sid=cf96c8&_nc_ohc=MV-dDZNSYw0AX_qvHb-&_nc_ht=scontent.fblr22-1.fna&oh=00_AT-VFoukQFgOa2CRHoxQwLGlOipdOpGrPwjXeJTdWm_2eg&oe=62B453BE,
Become a Swiggy Delivery Partner & secure your family‚Äôs future.,Earn upto Rs.25000 p.m.,,https://scontent.fblr22-1.fna.fbcdn.net/v/t39.35426-6/280164853_1038067370147798_1173384907500659073_n.jpg?stp=dst-jpg_s600x600&_nc_cat=110&ccb=1-7&_nc_sid=cf96c8&_nc_ohc=GZmg4rEq07wAX8HHBql&_nc_ht=scontent.fblr22-1.fna&oh=00_AT_KijAGMAMAoSNUmjp4NjY45_GYqBWDEdmVVffviScfdw&oe=62B467C9,Apply Now
Swiggy ‡§ï‡•á ‡§∏‡§æ‡§• ‡§°‡•á‡§≤‡§ø‡§µ‡§∞ ‡§ï‡§∞‡•á‡§Ç ‡§î‡§∞ ‡§Ö‡§ö‡•ç‡§õ‡•Ä ‡§ï‡§Æ‡§æ‡§à ‡§ï‡•á ‡§∏‡§æ‡§• ‡§Ö‡§™‡§®‡•á ‡§™‡§∞‡§ø‡§µ‡§æ‡§∞ ‡§ï‡§æ ‡§≠‡§µ‡§ø‡§∑‡•ç‡§Ø ‡§∏‡•Å‡§∞‡§ï‡•ç‡§∑‡§ø‡§§ ‡§ï‡§∞‡•á‡§Ç‡•§.,‡§∏‡§æ‡§™‡•ç‡§§‡§æ‡§π‡§ø‡§ï ‡§™‡•á‡§Æ‡•á‡§Ç‡§ü ‡•§,,https://scontent.fblr22-1.fna.fbcdn.net/v/t39.35426-6/280071500_525829609098534_8468085903049922744_n.jpg?stp=dst-jpg_s600x600&_nc_cat=111&ccb=1-7&_nc_sid=cf96c8&_nc_ohc=Gx-xUTypNbEAX9ubj_0&_nc_ht=scontent.fblr22-1.fna&oh=00_AT_cQ_IjV3lf0hPV88VCBfd43dQiCX6svf62GCTajYQ-yg&oe=62B5018E,Apply Now
"Swiggy ‡§ï‡•á ‡§∏‡§æ‡§• ‡§°‡•á‡§≤‡§ø‡§µ‡§∞ ‡§ï‡§∞‡•á‡§Ç ‡§î‡§∞ ‡§™‡§æ‡§è‡§Ç ‡§Ü‡§ï‡§∞‡•ç‡§∑‡§ï ‡§ï‡§Æ‡§æ‡§à, ‡§¨‡•Ä‡§Æ‡§æ ‡§ï‡§µ‡§∞ ‡§î‡§∞ ‡§Ö‡§™‡§®‡•Ä ‡§Æ‡§®‡§™‡§∏‡§Ç‡§¶ ‡§∂‡§ø‡§´‡•ç‡§ü‡•§",,,,
Eat from your favourite restaurant! Try it today with Swiggy. Get 50% off* + Free Delivery on your first order!,Use Code WELCOME50,,https://scontent.fblr22-1.fna.fbcdn.net/v/t39.35426-6/280181294_549836923375423_2285467203237605214_n.jpg?stp=dst-jpg_s600x600&_nc_cat=102&ccb=1-7&_nc_sid=cf96c8&_nc_ohc=692uOWoWs8kAX-Lw-hl&_nc_ht=scontent.fblr22-1.fna&oh=00_AT-Grl1MKny9Web-AS1KNNUYWnPfNk2MwavdiaDG3cbchQ&oe=62B4F754,Order Now
Eat from your favourite restaurant! Try it today with Swiggy. Get 50% off* + Free Delivery on your first order!,Pay 50% less when you order in,,https://scontent.fblr22-1.fna.fbcdn.net/v/t39.35426-6/280196793_753168272725800_4515493470402580190_n.jpg?stp=dst-jpg_s600x600&_nc_cat=102&ccb=1-7&_nc_sid=cf96c8&_nc_ohc=1Ao0LNZfDQ4AX9S2AKQ&_nc_ht=scontent.fblr22-1.fna&oh=00_AT8sm4ZAuKD84eFYJrDzvGOcbce4b4qdc0nQBZqB7zrJPw&oe=62B4874B,Install Now
Be a Swiggy Delivery Partner and be your own boss with flexible timings and competitive salary.,Ride with Swiggy,,https://scontent.fblr22-1.fna.fbcdn.net/v/t39.35426-6/275110468_349724397036697_6862026117501016335_n.jpg?stp=dst-jpg_s600x600&_nc_cat=107&ccb=1-7&_nc_sid=cf96c8&_nc_ohc=oxMy3ked2QYAX8MaLLc&_nc_oc=AQnQxTgQDw0GazsXw-EoWWThbiCae1rVtc3VbTEhVfqErGsmyJyiMsVjjll8vZOviEM&_nc_ht=scontent.fblr22-1.fna&oh=00_AT-_aQuPlbNrhhCHoYP5AMEpwsNDB14pZuaFQTPIrPyDtw&oe=62B4708E,Apply Now
"Become a Swiggy Delivery Partner and get best in industry salary, insurance cover & flexible work timings.",Ride with Swiggy,,,Learn More
Become a Swiggy Delivery Partner & secure your family‚Äôs future with competitive salary & insurance cover.,Earn upto Rs.25000 p.m.,,,Apply Now
"Delicious dishes, delivered to your doorstep. Download the Swiggy app today.",,,https://scontent.fblr22-1.fna.fbcdn.net/v/t39.35426-6/279455159_5384068615015976_7709230731945701636_n.jpg?stp=dst-jpg_s600x600&_nc_cat=110&ccb=1-7&_nc_sid=cf96c8&_nc_ohc=Z1OX109OxgoAX8AgaQO&_nc_ht=scontent.fblr22-1.fna&oh=00_AT9fpSndJyuuA7dwIWrAU9DPmyYFo23yF7a8MlWGpYqjyg&oe=62B4FB20,
"Delicious dishes, delivered to your doorstep. Download the Swiggy app today.",,,https://scontent.fblr22-1.fna.fbcdn.net/v/t39.35426-6/278044540_402514915047929_8749505543995875573_n.jpg?stp=dst-jpg_s600x600&_nc_cat=100&ccb=1-7&_nc_sid=cf96c8&_nc_ohc=AjLLi-o-3CwAX-3zdry&_nc_oc=AQmagylrvCDRXphuSVBgledCsVlRzERZKnuP6TLwYvYWlSI_ZOX3E_68Z8T6YpDPD2k&_nc_ht=scontent.fblr22-1.fna&oh=00_AT9ziw-aChB_cLD9vmIW6uJqQfBMkVJZObRGoT5HUrG-WA&oe=62B4D589,
Become a Swiggy Delivery Partner and get best in industry salary & flexible work timings.,"Earn up to Rs.25,000 p.m",,,Apply Now
Become a Swiggy Delivery Partner and get best in industry salary & flexible work timings.,,,https://scontent.fblr22-1.fna.fbcdn.net/v/t39.35426-6/279006394_413876153404177_4013817213428598644_n.jpg?stp=dst-jpg_s600x600&_nc_cat=101&ccb=1-7&_nc_sid=cf96c8&_nc_ohc=0c0dHi9wWIgAX9X8hI6&_nc_ht=scontent.fblr22-1.fna&oh=00_AT97Fkv2KlzpUQwM1ZqLCnFW-lfO6IJzovCOYmcgGevrAA&oe=62B43E77,
Swiggy ‡§ï‡•á ‡§∏‡§æ‡§• ‡§°‡•á‡§≤‡§ø‡§µ‡§∞ ‡§ï‡§∞‡•á‡§Ç ‡§î‡§∞ ‡§™‡§æ‡§è‡§Ç ‡§Ü‡§ï‡§∞‡•ç‡§∑‡§ï ‡§ï‡§Æ‡§æ‡§à ‡§Ö‡§™‡§®‡•Ä ‡§Æ‡§®‡§™‡§∏‡§Ç‡§¶ ‡§∂‡§ø‡§´‡•ç‡§ü‡•§,‡§∏‡§µ‡§æ‡§∞‡•Ä ‡§ï‡§∞‡•á‡§Ç. ‡§°‡§ø‡§≤‡•Ä‡§µ‡§∞ ‡§ï‡§∞‡•á‡§Ç. ‡§™‡•à‡§∏‡•á ‡§ï‡§Æ‡§æ‡§è‡§Ç,,,Apply Now
"Swiggy ‡§°‡§ø‡§≤‡•Ä‡§µ‡•ç‡§π‡§∞‡•Ä ‡§™‡§æ‡§∞‡•ç‡§ü‡§®‡§∞ ‡§µ‡•ç‡§π‡§æ ‡§Ü‡§£‡§ø ‡§≤‡§µ‡§ö‡§ø‡§ï ‡§µ‡•á‡§≥, ‡§Ü‡§ï‡§∞‡•ç‡§∑‡§ï ‡§™‡•á‡§Ü‡§ä‡§ü ‡§Ü‡§£‡§ø ‡§≤‡§æ‡§≠ ‡§ò‡•ç‡§Ø‡§æ.","25,000 ‡§∞‡•Å‡§™‡§Ø‡•á ‡§™‡§∞‡•ç‡§Ø‡§Ç‡§§ ‡§¶‡§∞ ‡§Æ‡§π‡§ø‡§®‡§æ ‡§ï‡§Æ‡§µ‡§æ",,,Apply Now
Become a Swiggy Delivery Partner & secure your family‚Äôs future,Earn upto Rs.25000 p.m.,,,Apply Now
Become a Swiggy Delivery Partner and get best in industry salary & flexible work timings.,Ride with Swiggy,,,Apply Now
Eat from your favourite restaurant! Try it today with Swiggy. Get 50% off* + ùêÖùê´ùêûùêû ùêÉùêûùê•ùê¢ùêØùêûùê´ùê≤ on your first order!,‚ö† Temptation warning ‚ö†,,https://scontent.fblr22-1.fna.fbcdn.net/v/t39.35426-6/276063490_708851780428512_2093481119242160184_n.jpg?stp=dst-jpg_s600x600&_nc_cat=109&ccb=1-7&_nc_sid=cf96c8&_nc_ohc=STVFYK3tdugAX-INkC-&_nc_ht=scontent.fblr22-1.fna&oh=00_AT_GJ6NdmDOG207wuFkFND-W14C9Nfec8H4ot3t-Byz7NQ&oe=62B3E537,Order Now
"Become a Swiggy Delivery Partner and get competitive salary & flexible work timings.

üí∞Weekly payout and high incentives
üë™ Life Insurance for you and your family
‚ú®Exciting performance-related rewards",Ride with Swiggy,,https://scontent.fblr22-1.fna.fbcdn.net/v/t39.35426-6/278594277_694249255225081_3829574109540398573_n.jpg?stp=dst-jpg_s600x600&_nc_cat=110&ccb=1-7&_nc_sid=cf96c8&_nc_ohc=_sW3H1hgkhsAX8IU-p_&_nc_ht=scontent.fblr22-1.fna&oh=00_AT_A2MfcxhuCd8BGsUaNnjP6WHXw7QpTOs_IQWgY7p2fsg&oe=62B4F4A7,Apply Now
"Become a Swiggy Delivery Partner and get competitive salary & flexible work timings.

üí∞Weekly payout and high incentives
üë™ Life Insurance for you and your family
‚ú®Exciting performance-related rewards",Ride with Swiggy,,https://scontent.fblr22-1.fna.fbcdn.net/v/t39.35426-6/277791011_717072752641696_8867533300820920783_n.jpg?stp=dst-jpg_s600x600&_nc_cat=105&ccb=1-7&_nc_sid=cf96c8&_nc_ohc=R-tvkOo-u68AX_B8TDm&_nc_ht=scontent.fblr22-1.fna&oh=00_AT_Le9a0k7m6DvTevJQUjQhYjztwY82rEtmGOqO9aYDWFw&oe=62B48260,Apply Now
"Swiggy ‡≤°‡≥Ü‡≤≤‡≤ø‡≤µ‡≤∞‡≤ø ‡≤™‡≤æ‡≤∞‡≥ç‡≤ü‡≥ç‡≤®‡≤∞‡≥ç ‡≤Ü‡≤ó‡≤ø ‡≤Æ‡≤§‡≥ç‡≤§‡≥Å ‡≤∏‡≥ç‡≤™‡≤∞‡≥ç‡≤ß‡≤æ‡≤§‡≥ç‡≤Æ‡≤ï ‡≤µ‡≥á‡≤§‡≤® ‡≤Æ‡≤§‡≥ç‡≤§‡≥Å ‡≤π‡≥ä‡≤Ç‡≤¶‡≤ø‡≤ï‡≥ä‡≤≥‡≥ç‡≤≥‡≥Å‡≤µ ‡≤ï‡≥Ü‡≤≤‡≤∏‡≤¶ ‡≤∏‡≤Æ‡≤Ø‡≤µ‡≤®‡≥ç‡≤®‡≥Å ‡≤™‡≤°‡≥Ü‡≤Ø‡≤ø‡≤∞‡≤ø.

üí∞‡≤µ‡≤æ‡≤∞‡≤ï‡≥ç‡≤ï‡≥ä‡≤Æ‡≥ç‡≤Æ‡≥Ü ‡≤™‡≤æ‡≤µ‡≤§‡≤ø ‡≤Æ‡≤§‡≥ç‡≤§‡≥Å ‡≤π‡≥Ü‡≤ö‡≥ç‡≤ö‡≤ø‡≤® ‡≤™‡≥ç‡≤∞‡≥ã‡≤§‡≥ç‡≤∏‡≤æ‡≤π
üë™ ‡≤®‡≤ø‡≤Æ‡≤ó‡≥Ü ‡≤Æ‡≤§‡≥ç‡≤§‡≥Å ‡≤®‡≤ø‡≤Æ‡≥ç‡≤Æ ‡≤ï‡≥Å‡≤ü‡≥Å‡≤Ç‡≤¨‡≤ï‡≥ç‡≤ï‡≥Ü ‡≤ú‡≥Ä‡≤µ‡≤µ‡≤ø‡≤Æ‡≥Ü
‚ú® ‡≤Ö‡≤§‡≥ç‡≤Ø‡≤æ‡≤ï‡≤∞‡≥ç‡≤∑‡≤ï ‡≤ï‡≤æ‡≤∞‡≥ç‡≤Ø‡≤ï‡≥ç‡≤∑‡≤Æ‡≤§‡≥Ü‡≤ó‡≥Ü ‡≤∏‡≤Ç‡≤¨‡≤Ç‡≤ß‡≤ø‡≤∏‡≤ø‡≤¶ ‡≤¨‡≤π‡≥Å‡≤Æ‡≤æ‡≤®‡≤ó‡≤≥‡≥Å",Swiggy ‡≤Ø‡≥ä‡≤Ç‡≤¶‡≤ø‡≤ó‡≥Ü ‡≤∏‡≤µ‡≤æ‡≤∞‡≤ø ‡≤Æ‡≤æ‡≤°‡≤ø,,https://scontent.fblr22-1.fna.fbcdn.net/v/t39.35426-6/278564452_373730184640234_4894629960839924250_n.jpg?stp=dst-jpg_s600x600&_nc_cat=106&ccb=1-7&_nc_sid=cf96c8&_nc_ohc=hqvksUalewoAX8RJYwQ&_nc_ht=scontent.fblr22-1.fna&oh=00_AT-2NKjqy2uKDkeTZ2sZxB1wBNNBq1p0n_BS_nGNGhs4Yw&oe=62B4518C,Apply Now
"Become a Swiggy Delivery Partner and get competitive salary & flexible work timings.

üí∞Weekly payout and high incentives
üë™ Life Insurance for you and your family
‚ú®Exciting performance-related rewards",Ride with Swiggy,,https://scontent.fblr22-1.fna.fbcdn.net/v/t39.35426-6/278456624_383282010355720_6362288264311330288_n.jpg?stp=dst-jpg_s600x600&_nc_cat=104&ccb=1-7&_nc_sid=cf96c8&_nc_ohc=k7lidHNZqmwAX_3LSjU&_nc_ht=scontent.fblr22-1.fna&oh=00_AT-zsYKxdkrgAR2LJGHAk9zlldc-uigOPF2cR3N1o454mA&oe=62B47776,Apply Now
"Swiggy ‡≤°‡≥Ü‡≤≤‡≤ø‡≤µ‡≤∞‡≤ø ‡≤™‡≤æ‡≤∞‡≥ç‡≤ü‡≥ç‡≤®‡≤∞‡≥ç ‡≤Ü‡≤ó‡≤ø ‡≤Æ‡≤§‡≥ç‡≤§‡≥Å ‡≤∏‡≥ç‡≤™‡≤∞‡≥ç‡≤ß‡≤æ‡≤§‡≥ç‡≤Æ‡≤ï ‡≤µ‡≥á‡≤§‡≤® ‡≤Æ‡≤§‡≥ç‡≤§‡≥Å ‡≤π‡≥ä‡≤Ç‡≤¶‡≤ø‡≤ï‡≥ä‡≤≥‡≥ç‡≤≥‡≥Å‡≤µ ‡≤ï‡≥Ü‡≤≤‡≤∏‡≤¶ ‡≤∏‡≤Æ‡≤Ø‡≤µ‡≤®‡≥ç‡≤®‡≥Å ‡≤™‡≤°‡≥Ü‡≤Ø‡≤ø‡≤∞‡≤ø.

üí∞‡≤µ‡≤æ‡≤∞‡≤ï‡≥ç‡≤ï‡≥ä‡≤Æ‡≥ç‡≤Æ‡≥Ü ‡≤™‡≤æ‡≤µ‡≤§‡≤ø ‡≤Æ‡≤§‡≥ç‡≤§‡≥Å ‡≤π‡≥Ü‡≤ö‡≥ç‡≤ö‡≤ø‡≤® ‡≤™‡≥ç‡≤∞‡≥ã‡≤§‡≥ç‡≤∏‡≤æ‡≤π
üë™ ‡≤®‡≤ø‡≤Æ‡≤ó‡≥Ü ‡≤Æ‡≤§‡≥ç‡≤§‡≥Å ‡≤®‡≤ø‡≤Æ‡≥ç‡≤Æ ‡≤ï‡≥Å‡≤ü‡≥Å‡≤Ç‡≤¨‡≤ï‡≥ç‡≤ï‡≥Ü ‡≤ú‡≥Ä‡≤µ‡≤µ‡≤ø‡≤Æ‡≥Ü
‚ú® ‡≤Ö‡≤§‡≥ç‡≤Ø‡≤æ‡≤ï‡≤∞‡≥ç‡≤∑‡≤ï ‡≤ï‡≤æ‡≤∞‡≥ç‡≤Ø‡≤ï‡≥ç‡≤∑‡≤Æ‡≤§‡≥Ü‡≤ó‡≥Ü ‡≤∏‡≤Ç‡≤¨‡≤Ç‡≤ß‡≤ø‡≤∏‡≤ø‡≤¶ ‡≤¨‡≤π‡≥Å‡≤Æ‡≤æ‡≤®‡≤ó‡≤≥‡≥Å",Swiggy ‡≤Ø‡≥ä‡≤Ç‡≤¶‡≤ø‡≤ó‡≥Ü ‡≤∏‡≤µ‡≤æ‡≤∞‡≤ø ‡≤Æ‡≤æ‡≤°‡≤ø,,https://scontent.fblr22-1.fna.fbcdn.net/v/t39.35426-6/278548712_702836380754006_486928779674852560_n.jpg?stp=dst-jpg_s600x600&_nc_cat=102&ccb=1-7&_nc_sid=cf96c8&_nc_ohc=UuNlyYBqX0YAX9ctIOO&_nc_ht=scontent.fblr22-1.fna&oh=00_AT8nKv4B4jptsw27fGwG3YJsfOStMiNoY22srJKkrPhoMA&oe=62B3A1EB,Apply Now
Be a Swiggy Delivery Partner and be your own boss with flexible timings.,Earn upto Rs.25000 p.m.,,https://scontent.fblr22-1.fna.fbcdn.net/v/t39.35426-6/278374940_1650863748593890_7366340790940204858_n.jpg?stp=dst-jpg_s600x600&_nc_cat=110&ccb=1-7&_nc_sid=cf96c8&_nc_ohc=OcZ7Be-H14EAX89o_VM&_nc_oc=AQkKxMEJibi-rNTa-0LqCU5pRMR84EnE698f5DoomnFa1DMCymEWJbmkQJmGerQ-GCw&_nc_ht=scontent.fblr22-1.fna&oh=00_AT88Btm11fodbAwtWbBnINJyAQrGSAuoHoEPp6Qr-0ylag&oe=62B35D68,Apply Now
Swiggy ‡§ï‡•á ‡§∏‡§æ‡§• ‡§°‡•á‡§≤‡§ø‡§µ‡§∞ ‡§ï‡§∞‡•á‡§Ç ‡§î‡§∞ ‡§¨‡§®‡•á‡§Ç ‡§ñ‡•Å‡§¶ ‡§ï‡•á ‡§¨‡•â‡§∏‡•§ ‡§ö‡•Å‡§®‡•á‡§Ç ‡§Ö‡§™‡§®‡•Ä ‡§Æ‡§®‡§™‡§∏‡§Ç‡§¶ ‡§∂‡§ø‡§´‡•ç‡§ü ‡§î‡§∞ ‡§™‡§æ‡§è‡§Ç ‡§Ü‡§ï‡§∞‡•ç‡§∑‡§ï ‡§ï‡§Æ‡§æ‡§à ‡§ï‡§æ ‡§Æ‡•å‡§ï‡§æ‡•§,,,https://scontent.fblr22-1.fna.fbcdn.net/v/t39.35426-6/278338928_818140242948598_4692474679350468976_n.jpg?stp=dst-jpg_s600x600&_nc_cat=105&ccb=1-7&_nc_sid=cf96c8&_nc_ohc=8gcE9XEpbDQAX8jAGnv&_nc_ht=scontent.fblr22-1.fna&oh=00_AT81KO3avKlrhT49nKaQiToA25EG2hV5fjdRyboBVWF1vg&oe=62B38CC5,
